songid,song_name,song_description,song_youtube_link
_hey_there_delilah,Hey There Delilah ,Hey There Delilah Lyrics,https://www.youtube.com/watch?v=hQlPzrX8u0A
_closing_time,Closing Time ,Leonard Cohen - Closing Time,https://www.youtube.com/watch?v=7-0lV5qs1Qw
_burn,Burn ,Ellie Goulding - Burn (Lyrics On Screen),https://www.youtube.com/watch?v=gCT3Li5dfZE
_as_long_as_you_love_me,As Long As You Love Me ,As Long As You Love Me (Audio) ft. Big Sean,https://www.youtube.com/watch?v=v-FVihIlU2g
_all_star,All Star ,All Star - Smash Mouth [Lyrics],https://www.youtube.com/watch?v=5ZYgIrqELFw
_toxic,Toxic ,Melanie Martinez - Toxic(Full Song),https://www.youtube.com/watch?v=Z6dcgD6-ZXM
_want_u_back,Want U Back ,Cher Lloyd - Want U Back ft. Astro,https://www.youtube.com/watch?v=inwAc-ZBpx0
_happy,Happy ,Pharrell Williams - Happy (Official Music Video),https://www.youtube.com/watch?v=ZbZSe6N_BXs
_all_the_small_things,All The Small Things ,All The Small Things,https://www.youtube.com/watch?v=5_PBNZXlzp0
_super_bass,Super Bass ,Super Bass (JBL) Bass song ,https://www.youtube.com/watch?v=NfR7LwZUksM
_hallelujah,Hallelujah ,[OFFICIAL VIDEO] Hallelujah - Pentatonix,https://www.youtube.com/watch?v=LRP8d7hhpoQ
_valerie,Valerie ,Steve Winwood - Valerie (Official Video),https://www.youtube.com/watch?v=cbKNICg-REA
_hush_little_baby,Hush Little Baby ,Hush Little Baby - Lullaby song by EFlashApps,https://www.youtube.com/watch?v=NOCx4D7KoGo
_more_than_this,More Than This ,Roxy Music - More Than This (High Audio Quality),https://www.youtube.com/watch?v=p9PAuWV-Vn0
_let_it_go,Let It Go ,"Disney's Frozen ""Let It Go"" Sequence Performed by ...",https://www.youtube.com/watch?v=moSFlvxnbgk
_wanted,Wanted ,Dara Maclean - Wanted (Official Music Video),https://www.youtube.com/watch?v=8C-povr7b6k
_bubbly,Bubbly ,Bubbly - Colbie Caillat Lyrics,https://www.youtube.com/watch?v=aGneKdKtsSQ
_pompeii,Pompeii ,Bastille - Pompeii (LYRICS),https://www.youtube.com/watch?v=F-qHo4oFX6I
_just_the_way_you_are_bm,Just The Way You Are Bm ,Just The Way You Are-Bruno Mars [Lyrics],https://www.youtube.com/watch?v=EwIqco7bmTM
_young_girls,Young Girls ,Young Girl - Gary Puckett And The Union Gap,https://www.youtube.com/watch?v=hn0ZJHVH17I
_demons,Demons ,Demons - Imagine Dragons,https://www.youtube.com/watch?v=GFQYaoiIFh8
_ill_be,Ill Be ,I'll Be - Edwin McCain (Lyrics),https://www.youtube.com/watch?v=jtvuFriX7zc
_let_her_go,Let Her Go ,Passenger - Let Her Go (Official Video),https://www.youtube.com/watch?v=PBZfCmlRIVs
_cups_pitch_perfect,Cups Pitch Perfect ,CUPS - Pitch Perfect - The Cups Song,https://www.youtube.com/watch?v=YH5cvlR2lWU
_say_something_great_big,Say Something Great Big ,[Official Video] Say Something - Pentatonix (A Great Big ...,https://www.youtube.com/watch?v=0dYlvdLdK9w
_kiss_me_,Kiss Me  ,Sixpence None The Richer - Kiss Me (She's All That ...,https://www.youtube.com/watch?v=3YcNzHOBmk8
_home_phillip_phillips,Home Phillip Phillips ,Home - Phillip Phillips lyrics,https://www.youtube.com/watch?v=OTg1n95--KE
_if_i_aint_got_you,If I Aint Got You ,Alicia Keys - If I Ain't Got You (Live from iTunes ...,https://www.youtube.com/watch?v=R7yHYe9sbjo
_total_eclipse_of_heart,Total Eclipse Of Heart ,Bonnie Tyler - Total Eclipse of the Heart (Video) Music,https://music.youtube.com/watch?v=lcOxhH8N3Bo&list=RDAMVMlcOxhH8N3Bo
_the_rose,The Rose ,The Rose - by Bette Midler + lyrics,https://www.youtube.com/watch?v=zxSTzSEiZ2c
_wind_beneath_my_wings,Wind Beneath My Wings ,Beaches - Wind Beneath My Wings,https://www.youtube.com/watch?v=oiS8YokFzeY
_crazy_patsy,Crazy Patsy ,Patsy Cline - Crazy,https://www.youtube.com/watch?v=na5Y9FxR0lg
_achy_breaky_heart,Achy Breaky Heart ,Achy Breaky Heart,https://www.youtube.com/watch?v=wTurgi8woVU
_girls_just_want_have_fun,Girls Just Want Have Fun ,Cyndi Lauper - Girls Just Want To Have Fun,https://www.youtube.com/watch?v=csbGTtOjMtA
_on_my_own,On My Own ,Les Miserables - Samantha Barks - On My Own (lyrics ...,https://www.youtube.com/watch?v=aQnJ4mIfT0c
_songbird,Songbird ,Eva Cassidy - Songbird,https://www.youtube.com/watch?v=bTNLYeaL7No
_from_this_moment,From This Moment ,Shania Twain - From This Moment On - Lyrics,https://www.youtube.com/watch?v=wHUNoUFrh6E
_always_on_my_mind,Always On My Mind ,Elvis Presley - Always On My Mind (Official Audio ...,https://www.youtube.com/watch?v=Yf2KtxEtsEM
_all_the_man_i_need,All The Man I Need ,Linda Clifford: All the Man I Need (1981),https://www.youtube.com/watch?v=nvrr60vM-oE
_need_you_now,Need You Now ,Dean Lewis - Need You Now (Official Video),https://www.youtube.com/watch?v=a0wfCVzVKwU
_safe_and_sound_capital,Safe And Sound Capital ,Capital Cities Safe and Sound Lyrics on Screnn,https://www.youtube.com/watch?v=PUQTYNYWKV0
_fuckin_perfect,Fuckin Perfect ,P!nk - F**kin' Perfect (Explicit Version),https://www.youtube.com/watch?v=ocDlOD1Hw9k
_because_of_you,Because Of You ,Because Of You - Kelly Clarkson (Lyrics),https://www.youtube.com/watch?v=hCkOlbL_WVs
_i_wont_give_up,I Wont Give Up ,Jason Mraz - I Won't Give Up (Official Video) Music,https://music.youtube.com/watch?v=O1-4u9W-bns
_clarity,Clarity ,Zedd - Clarity ft. Foxes (Official Music Video),https://www.youtube.com/watch?v=IxxstCcJlsc
_alone_heart,Alone Heart ,Heart - Alone,https://www.youtube.com/watch?v=BdlJX-5WiOk
_love_song,Love Song ,Love Songs,https://www.youtube.com/channel/UCUNRpvqSze3jqPvGEN6Yckw
_i_dreamed_a_dream,I Dreamed A Dream ,Ruthie Henshall - I Dreamed A Dream (Les Miserables ...,https://www.youtube.com/watch?v=-p6OH7FoWoQ
_part_of_your_world,Part Of Your World ,Disney - The Little Mermaid - Part Of Your World,https://www.youtube.com/watch?v=3IOqRLR3Oug
_human,Human ,Rag'n'Bone Man - Human (Official Video),https://www.youtube.com/watch?v=L3wKzyIN1yk
_the_first_cut_is_deepest,The First Cut Is Deepest ,The First Cut Is The Deepest (Official Video),https://www.youtube.com/watch?v=dK9eLe8EQps
_my_heart_will_go_on,My Heart Will Go On ,Celine Dion - My Heart Will Go On (Live),https://www.youtube.com/watch?v=WNIPqafd4As
_try,Try ,Colbie Caillat - Try,https://www.youtube.com/watch?v=GXoZLPSw8U8
_at_last,At Last ,At Last by Etta James 1961,https://www.youtube.com/watch?v=nqS2zYoDb34
_rainy_days_and_mondays,Rainy Days And Mondays ,The Carpenters - Rainy Days And Mondays,https://www.youtube.com/watch?v=dPmbT5XC-q0
_im_a_slave_4_u,Im A Slave 4 U ,Britney Spears - I'm A Slave 4 U,https://www.youtube.com/watch?v=Mzybwwf2HoQ
_whatcha_say,Whatcha Say ,Whatcha' Say - Jason Derulo,https://www.youtube.com/watch?v=thhaf-bKWyg
_when_i_was_your_man,When I Was Your Man ,When I Was Your Man - Bruno Mars (Lyrics),https://www.youtube.com/watch?v=8WgP_NzXdd8
_this_little_lght_of_mine,This Little Lght Of Mine ,This little light of mine,https://www.youtube.com/watch?v=QCN893hzueQ
_boyfriend,Boyfriend ,Î≥¥Ïù¥ÌîÑÎ†åÎìú(BOYFRIEND) - Boyfriend Music Video,https://www.youtube.com/watch?v=zd5GGvWWnzU
_baby_bieber,Baby Bieber ,Justin Bieber - Baby,https://www.youtube.com/watch?v=KSnda5-o654
_apologize,Apologize ,Apologize (Timbaland) Lyrics,https://www.youtube.com/watch?v=qm-QoJcra8U
_the_lazy_song,The Lazy Song ,The Lazy Song,https://www.youtube.com/watch?v=sLRtf41L12A
_somewhere_only_we_know,Somewhere Only We Know ,Somewhere Only We Know (Official Audio,https://www.youtube.com/watch?v=Ve9cBwI-pAg
_it_will_rain,It Will Rain ,Bruno Mars - It Will Rain (Lyric),https://www.youtube.com/watch?v=r-KcgmuIf74
_forget_you,Forget You ,Forget You (Full Performance) (Official Music Video),https://www.youtube.com/watch?v=terQSB_u8qs
_omg,Omg ,Camila Cabello - OMG (Official Audio) ft. Quavo,https://www.youtube.com/watch?v=C6CNvG89FcQ
_breakeven,Breakeven ,Breakeven,https://www.youtube.com/watch?v=01J2e2fLvLM
_im_yours,Im Yours ,Jason Mraz - I'm Yours (Official Video),https://www.youtube.com/watch?v=EkHTsc9PU2A
_a_thousand_miles,A Thousand Miles ,Vanessa Carlton ~ A Thousand Miles - With Lyrics,https://www.youtube.com/watch?v=Sg0CeRog-yQ
_counting_stars,Counting Stars ,OneRepublic - Counting Stars [Lyrics],https://www.youtube.com/watch?v=Yim4--J44gk
_the_climb,The Climb ,Miley Cyrus - The Climb (Official Music Video) (HQ),https://www.youtube.com/watch?v=NG2zyeVRcbs
_summertime_sadness,Summertime Sadness ,Summertime Sadness by Lana Del Rey (Lyrics on Screen),https://www.youtube.com/watch?v=cr7BnLQdN0g
_15_seconds_of_fame,15 Seconds Of Fame ,15 Seconds of Fame,https://www.youtube.com/channel/UCBrN47oJ1D8XuUof8gfe6-w
_naturally,Naturally ,Imagine Dragons - Natural (Lyrics),https://www.youtube.com/watch?v=V5M2WZiAy6k
_all_i_want_for_christmas,All I Want For Christmas ,Mariah Carey - All I Want For Christmas Is You (Official ...,https://www.youtube.com/watch?v=yXQViqx6GMY
_jingle_bell_rock,Jingle Bell Rock ,Glee - Jingle Bell Rock (Lyrics),https://www.youtube.com/watch?v=VfLf7A_-1Vw
_king_of_anything,King Of Anything ,King of Anything,https://www.youtube.com/watch?v=dtQd_pBZ1Fk
_gorilla,Gorilla ,Gorilla Song,https://www.youtube.com/watch?v=hFeeLaBjadI
_lights_ellie,Lights Ellie ,Ellie Goulding - Lights (Bassnectar Remix ...,https://www.youtube.com/watch?v=Imixg3jrJS8
_adore_you,Adore You ,Amy Shark - ADORE [Official Music Video],https://www.youtube.com/watch?v=Y-IoluTnuKs
_best_song_ever,Best Song Ever ,Best songs ever,https://www.youtube.com/playlist?list=PLGKE0rBZEgcMp05PFRN0UVQhuSHYYK7bM
_radioactive,Radioactive ,Radioactive-Imagine Dragons (Lyrics),https://www.youtube.com/watch?v=iO_WxYC34eM
_jesus_take_the_wheel,Jesus Take The Wheel ,"Jesus, Take The Wheel - Carrie Underwood - Lyrics",https://www.youtube.com/watch?v=4XXlFakUp4I
_landslide,Landslide ,Fleetwood Mac - Landslide - 2004,https://www.youtube.com/watch?v=sMVBP_0OOZY
_stay_with_me,Stay With Me ,Stay With Me (Official Audio) ft. Jeremy Zucker,https://www.youtube.com/watch?v=uk3Gq8MKgTo
_amazing_grace_elvis,Amazing Grace Elvis ,Elvis Presley - Amazing Grace,https://www.youtube.com/watch?v=B3XdXEJEI4E
_can_you_feel_love_tngt,Can You Feel The Love Tonight ,The Lion King - Can You Feel The Love Tonight,https://www.youtube.com/watch?v=25QyCxVkXwQ
_blurred_lines,Blurred Lines ,Robin Thicke - Blurred Lines (ft. T.I. & Pharrell ...,https://www.youtube.com/watch?v=RA01pdI0jng
_linger,Linger ,Linger | Live | GATEWAY,https://www.youtube.com/watch?v=cVvqVaHQo1w
_more_than_words,More Than Words ,Extreme - More Than Words (Lyrics Video),https://www.youtube.com/watch?v=0R-FGchhwLw
_over_the_rainbow,Over The Rainbow ,Eva Cassidy - Over The Rainbow,https://www.youtube.com/watch?v=2rd8VktT8xY
_zombie,Zombie ,The Zombies Music,https://www.youtube.com/user/ZombiesThe
_the_one_i_love,The One I Love ,R.E.M. - The One I Love (Official Video),https://www.youtube.com/watch?v=j7oQEPfe-O8
_you_and_i,You And I ,Yes - And You And I,https://www.youtube.com/watch?v=H-rdL2KkvzY
_name,Name ,Goo Goo Dolls • Name (CC) [Karaoke Instrumental Lyrics],https://www.youtube.com/watch?v=t4urDY0f9KU
_stay_rihanna,Stay Rihanna ,Rihanna - Stay ft. Mikky Ekko,https://www.youtube.com/watch?v=JF8BRvqGCNs
_house_of_the_rising_sun,House Of The Rising Sun ,House Of The Rising Sun,https://www.youtube.com/watch?v=MJkr0DWbhTk
_brave,Brave ,Brave - Sara Bareilles (Lyrics),https://www.youtube.com/watch?v=dyAfjUHlFSM
_wake_me_up,Wake Me Up ,Avicii - Wake Me Up (Lyric Video),https://www.youtube.com/watch?v=5y_KJAg8bHI
_your_song,Your Song ,Elton John - Your Song (Top Of The Pops 1971),https://www.youtube.com/watch?v=GlPlfCy1urI
_how_great_thou_art,How Great Thou Art ,How great Thou art,https://www.youtube.com/watch?v=3GKhDCsLrUg
_aint_no_sunshine,Aint No Sunshine ,Bill Withers - Ain't No Sunshine (Official Audio),https://www.youtube.com/watch?v=YuKfiH0Scao
_santeria,Santeria ,Santeria,https://www.youtube.com/watch?v=2l5hR3WKL8I
_killing_me_softly,Killing Me Softly ,Killing Me Softly With His Song (Official Video),https://www.youtube.com/watch?v=oKOtzIo-uYw
_you_know_im_no_good,You Know Im No Good ,Amy Winehouse - You Know I'm No Good,https://www.youtube.com/watch?v=b-I2s5zRbHg
_lean_on_me,Lean On Me ,Bill Withers - Lean on me (original song),https://www.youtube.com/watch?v=4QzpSeDsHIw
_i_hope_you_dance,I Hope You Dance ,I Hope You Dance' by Gladys Knight,https://www.youtube.com/watch?v=gM_UJbTMY0M
_the_way_you_look_tony,The Way You Look Tony ,Tony Bennett - The Way You Look Tonight,https://www.youtube.com/watch?v=Mx3SPsH9AMQ
_you_are_not_alone,You Are Not Alone ,Meredith Andrews - You're Not Alone (Official Video),https://www.youtube.com/watch?v=8FXLo3aCkuQ
_one_of_us,One Of Us ,New Politics - One Of Us (Official Video),https://www.youtube.com/watch?v=d0Y2cNdQykI
_hand_in_my_pocket,Hand In My Pocket ,Hand In My Pocket - Lyrics,https://www.youtube.com/watch?v=o_hJPOwZ3As
_ironic,Ironic ,Alanis Morissette - Ironic (OFFICIAL VIDEO) Music,https://music.youtube.com/watch?v=Jne9t8sHpUc
_have_i_told_you_lately,Have I Told You Lately ,Van Morrison - Have I Told You Lately,https://www.youtube.com/watch?v=J789GId1kaY
_feel_like_makin_love,Feel Like Makin Love ,Bad Company - Feel Like Making Love,https://www.youtube.com/watch?v=SEuKkcX1uKA
_candle_in_the_wind,Candle In The Wind ,Candle In The Wind (Remastered 2014),https://www.youtube.com/watch?v=zvt0eVzVBFg
_runaway_train,Runaway Train ,"""Runaway Train"" w/lyrics ~Soul Asylum",https://www.youtube.com/watch?v=HDl3iUo__dY
_a_horse_with_no_name,A Horse With No Name ,America - A Horse With No Name+Lyrics,https://www.youtube.com/watch?v=zSAJ0l4OBHM
_behind_blue_eyes,Behind Blue Eyes ,Limp Bizkit - Behind Blue Eyes - Lyrics,https://www.youtube.com/watch?v=8IEQpfA528M
_when_a_man_loves_a_woman,When A Man Loves A Woman ,When a Man Loves a Woman (Official Music Video),https://www.youtube.com/watch?v=MUuNDb-nm5M
_always_be_my_baby,Always Be My Baby ,Always be my baby,https://www.youtube.com/watch?v=3aKgKHmZ9WI
_my_girl,My Girl ,The Temptations - My Girl .,https://www.youtube.com/watch?v=YqB50JG2aIE
_marry_you,Marry You ,Bruno Mars - Marry You (FULL SONG),https://www.youtube.com/watch?v=8lqF_huno40
_love_me_again,Love Me Again ,John Newman - Love Me Again,https://www.youtube.com/watch?v=j4-Gt6dUVj0
_and_i_am_telling_you,And I Am Telling You ,And I Am Telling You - Jennifer Hudson,https://www.youtube.com/watch?v=sMsYg_tACZQ
_grenade,Grenade ,Bruno Mars - Grenade [Lyrics],https://www.youtube.com/watch?v=5olfnVeYfgg
_drink_a_beer,Drink A Beer ,Luke Bryan - Drink A Beer - (Memorial Song),https://www.youtube.com/watch?v=f4qqdbRMYG0
_airplanes,Airplanes ,B.o.B - Airplanes (feat. Hayley Williams of Paramore) [Official Video],https://www.youtube.com/watch?v=kn6-c223DUU
_the_edge_of_glory,The Edge Of Glory ,Lady Gaga - Edge of Glory Lyrics,https://www.youtube.com/watch?v=x50ti3k7PCo
_applause,Applause ,Lady Gaga - Applause LYRICS,https://www.youtube.com/watch?v=MkgRtV8roBQ
_i_believe_i_can_fly,I Believe I Can Fly ,"R.Kelly - ""I Believe I Can Fly""",https://www.youtube.com/watch?v=kFN3l2NuoE0
_the_little_drummer_boy,The Little Drummer Boy ,The Little Drummer Boy (Perfect Version),https://www.youtube.com/watch?v=DT1fA59oH7Q
_rehab,Rehab ,Amy Winehouse - Rehab,https://www.youtube.com/watch?v=KUmZp8pR1uc
_i_wanna_dance_with_smbdy,I Wanna Dance With Smbdy ,Ben Rector - I Wanna Dance With Somebody,https://www.youtube.com/watch?v=4BW_ugyj0lw
_hit_me_wth_your_best_sht,Hit Me Wth Your Best Sht ,Hit Me With Your Best Shot,https://www.youtube.com/watch?v=zRbXMWYMNno
_friends_in_low_places,Friends In Low Places ,Garth Brooks- Friends In Low Places,https://www.youtube.com/watch?v=mvCgSqPZ4EM
_thats_the_way_it_is,Thats The Way It Is ,Red Dead Redemption 2 Official Soundtrack - That's The Way It ...,https://www.youtube.com/watch?v=YdW5-uJqCVY
_silent_night,Silent Night ,Silent Night with Lyrics | Christmas Carol,https://www.youtube.com/watch?v=nEH7_2c644Q
_danny_boy,Danny Boy ,Oh Danny Boy - Irish Traditional,https://www.youtube.com/watch?v=6ppdB6JX99Q
_dark_side,Dark Side ,Eddie and the Cruisers - On The Dark Side,https://www.youtube.com/watch?v=nYDAF6NbgKc
_america_the_beautiful,America The Beautiful ,America the Beautiful (Patriotic Song),https://www.youtube.com/watch?v=o3OK_1QyAgM
_under_the_sea,Under The Sea ,The Little Mermaid - Under the Sea (from The Little ...,https://www.youtube.com/watch?v=GC_mV1IpjWA
_row_row_row_your_boat,Row Row Row Your Boat ,Row Row Row Your Boat Song,https://www.youtube.com/watch?v=bYLKEePMvIU
_you_raise_me_up,You Raise Me Up ,Celtic Woman - You Raise Me Up (Official Video),https://www.youtube.com/watch?v=Yfwlj0gba_k
_reflection,Reflection ,Disney's Mulan - Reflection (Original and Full Version),https://www.youtube.com/watch?v=J0lG8YorBsU
_careless_whisper,Careless Whisper ,George Michael - Careless Whisper (Official ... Music,https://music.youtube.com/watch?v=izGwDsrQ1eQ
_kryptonite,Kryptonite ,3 Doors Down - Kryptonite (Official Video),https://www.youtube.com/watch?v=xPU8OAjjS4k
_how_you_remind_me,How You Remind Me ,Nickelback - How You Remind Me [OFFICIAL VIDEO],https://www.youtube.com/watch?v=Aiay8I5IPB8
_somebody_to_love,Somebody To Love ,Queen - Somebody To Love (Official Lyric Video),https://www.youtube.com/watch?v=SrvO4baXLWI
_climax,Climax ,Young Thug - Climax (ft. 6LACK) [Official Audio],https://www.youtube.com/watch?v=t5O4lLUSJL4
_neon_lights,Neon Lights ,Blake Shelton - Neon Light (Official Audio),https://www.youtube.com/watch?v=AXXszJUmmik
_its_all_coming_back,Its All Coming Back ,C√©line Dion-It's all coming back to me now {with lyrics ...,https://www.youtube.com/watch?v=bEdcp22WOps
_mamas_broken_heart,Mamas Broken Heart ,Miranda Lambert - Mama's Broken Heart - Lyric Video,https://www.youtube.com/watch?v=aqh7TM7vhf8
_all_american_girl,All American Girl ,Carrie Underwood- All-American Girl Lyrics,https://www.youtube.com/watch?v=mVOL7IZgies
_down,Down ,Down - Original Song,https://www.youtube.com/watch?v=7RiJeswrEbw
_betcha_by_golly_wow,Betcha By Golly Wow ,Prince - Betcha By Golly Wow!,https://www.youtube.com/watch?v=6yan0y6O_7E
_ben,Ben ,Michael Jackson - Ben,https://www.youtube.com/watch?v=msqfQpoFTYk
_you_make_me_feel_brand,You Make Me Feel Brand ,The Stylistics-You make me feel brand new,https://www.youtube.com/watch?v=dJm51jsRoo0
_wherever_you_will_go,Wherever You Will Go ,Charlene Soraia 'Wherever You Will Go',https://www.youtube.com/watch?v=DChHEf0lpEE
_how_to_save_a_life,How To Save A Life ,How To Save A Life - The Fray (Lyrics),https://www.youtube.com/watch?v=rkBvhnri5s0
_a_holly_jolly_christmas,A Holly Jolly Christmas ,Burl Ives - A Holly Jolly Christmas (HQ),https://www.youtube.com/watch?v=DtVxFi9C0RA
_treasure_bm,Treasure,Treasure - Bruno Mars (Lyrics),https://www.youtube.com/watch?v=_zmgxme33uw
_never_say_never,Never Say Never ,Romeo Void - Never Say Never (Official Video),https://www.youtube.com/watch?v=4x0fPZrPV3M
_this_love,This Love ,Maroon 5 - This Love (Official Music Video),https://www.youtube.com/watch?v=XPpTgCho5ZA
_for_the_first_time,For The First Time ,For The First Time (Official Video) (HD Version),https://www.youtube.com/watch?v=CPEBN2dVNUY
_you_found_me,You Found Me ,MercyMe - You Found Me (Audio),https://www.youtube.com/watch?v=oViqhHTGKxU
_home_daughtry,Home Daughtry ,Daughtry - Home (Official),https://www.youtube.com/watch?v=pX_rkvZONj0
_i_want_it_that_way,I Want It That Way ,Backstreet Boys-I Want It That Way With Lyrics,https://www.youtube.com/watch?v=XSvLTZu8Ejc
_hero_mariah_carey,Hero Mariah Carey ,Mariah Carey - Hero [Official Music Video],https://www.youtube.com/watch?v=hgXw9YHpk1M
_fallin_for_you,Fallin For You ,Fallin For You - Shrey Singhal | Official Video,https://www.youtube.com/watch?v=sVzKavzIKDI
_uninvited,Uninvited ,Alanis Morissette - Uninvited,https://www.youtube.com/watch?v=uvgi7P97lu0
_dont_know_why,Dont Know Why ,"""I DON'T KNOW WHY"" (Markiplier Remix) | Song by Endigo",https://www.youtube.com/watch?v=0Akk21wpcMQ
_stay,Stay ,"Zedd, Alessia Cara - Stay (Lyric Video)",https://www.youtube.com/watch?v=h--P8HzYZ74
_give_your_heart_a_break,Give Your Heart A Break ,Give Your Heart a Break - Demi Lovato lyrics,https://www.youtube.com/watch?v=SX7Y6RSes6Y
_count_on_me,Count On Me ,Bruno Mars - Count On Me (Official Video),https://www.youtube.com/watch?v=4JNtAtGGNRU
_beautiful,Beautiful ,Christina Aguilera - Beautiful (Official Music Video),https://www.youtube.com/watch?v=eAfyFTzZDMM
_love_you_lk_a_love_song,Love You Like A Love Song ,Love You Like A Love Song Baby - Selena Gomez (Lyrics),https://www.youtube.com/watch?v=1IdG-t22VmY
_she_will_be_loved,She Will Be Loved ,She Will Be Loved- Maroon 5 [[with lyrics]],https://www.youtube.com/watch?v=pUVxaYdgS_Q
_born_this_way,Born This Way ,Lady Gaga - Born This Way,https://www.youtube.com/watch?v=wV1FrqwZyKw
_i_look_to_you,I Look To You ,Whitney Houston - I Look to You (Official ... Music,https://music.youtube.com/watch?v=5Pze_mdbOK8
_the_way_i_am,The Way I Am ,Charlie Puth - The Way I Am [Official Video],https://www.youtube.com/watch?v=EQnk-h-LCpQ
_kiss_the_girl,Kiss The Girl ,Ashley Tisdale - Kiss The Girl,https://www.youtube.com/watch?v=gVzgZz2hapE
_do_you_hear_what_i_hear,Do You Hear What I Hear ,Whitney Houston - Do You Hear What I Hear (Music Video),https://www.youtube.com/watch?v=kZ-coIXJf4s
_two_black_cadillacs,Two Black Cadillacs ,Two Black Cadillacs - Carrie Underwood (FULL SONG),https://www.youtube.com/watch?v=2-YJSQY_wLk
_the_a_team,The A Team ,The A-Team Original Theme Song,https://www.youtube.com/watch?v=9nfHetknnaY
_the_worst,The Worst ,The Worst Song Ever,https://www.youtube.com/watch?v=fupyU_sRupE
_stronger,Stronger ,Kelly Clarkson - Stronger (What Doesn't Kill You ...,https://www.youtube.com/watch?v=Xn676-fLq7I
_adorn,Adorn ,"Miguel ""Adorn""",https://www.youtube.com/watch?v=Vxjn7R_TU0o
_hey_brother,Hey Brother ,Avicii - Hey Brother,https://www.youtube.com/watch?v=6Cp6mKbRTQY
_secrets,Secrets ,OneRepublic - Secrets (Official Music Video),https://www.youtube.com/watch?v=qHm9MG9xw1o
_fireflies,Fireflies ,Fireflies (THE OFFICIAL SONG OF THE WORLD SCOUT ...,https://www.youtube.com/watch?v=3gpoXiCQ45A
_good_girl,Good Girl ,Dustin Lynch - Good Girl (Lyric Video),https://www.youtube.com/watch?v=IfZqHBtGzDs
_before_he_cheats,Before He Cheats ,carrie underwood before he cheats lyrics,https://www.youtube.com/watch?v=KAFvlknsT4U
_cant_remember_to_forget,Cant Remember To Forget ,Can't Remember To Forget You (Behind The Scenes),https://www.youtube.com/watch?v=CswqjMxQyEo
_dont_rain_on_my_parade,Dont Rain On My Parade ,Barbra Streisand: Don't Rain On My Parade,https://www.youtube.com/watch?v=oZTSuMErgsw
_baby_love,Baby Love ,The Supremes - Baby Love,https://www.youtube.com/watch?v=9_y6nFjoVp4
_i_want_to_hold_your_hand,I Want To Hold Your Hand ,I Want To Hold Your Hand (Official Musical Video),https://www.youtube.com/watch?v=B0_2-WW882Q
_top_of_the_world,Top Of The World ,Top Of The World -- HQ Audio -- Lyrics,https://www.youtube.com/watch?v=yUMAmI5YcBQ
_all_out_of_love,All Out Of Love ,Air Supply - All Out Of Love (Lyrics),https://www.youtube.com/watch?v=iKvNiYHOTHA
_all_by_myself,All By Myself ,"Eric Carmen ""All By MySelf""",https://www.youtube.com/watch?v=D3j_fdSpkmE
_alejandro,Alejandro ,Lady Gaga - Alejandro + [ Lyrics on Screen ] - HQ/HD,https://www.youtube.com/watch?v=vNqIUb2RdGQ
_endless_love,Endless Love ,Luther Vandross - Endless Love (Official Video),https://www.youtube.com/watch?v=nScV1qu-MZQ
_no_air,No Air ,Jordin Sparks ft Chris Brown - No Air Lyrics,https://www.youtube.com/watch?v=61HRdUcJtXQ
_stand_by_me,Stand By Me ,Ben E. King - Stand by me,https://www.youtube.com/watch?v=Vbg7YoXiKn0
_love_the_way_you_lie,Love The Way You Lie ,Skylar Grey - Love the Way You Lie [1 Hour],https://www.youtube.com/watch?v=k6BG7Q75w4E
_cooler_than_me,Cooler Than Me ,Lucky Luke - Cooler Than Me (Official Video),https://www.youtube.com/watch?v=A3pJB4m713M
_you_are_so_beautiful,You Are So Beautiful ,You are so beautiful - Joe Cocker,https://www.youtube.com/watch?v=lPsFr0svG_w
_heart_attack,Heart Attack ,Trey Songz - Heart Attack [Official Music Video],https://www.youtube.com/watch?v=4r3MZNCGzVY
_the_greatest_love_of_all,The Greatest Love Of All ,Whitney Houston - Greatest Love Of All [Lyrics],https://www.youtube.com/watch?v=Pbp6W4N1N9s
_sometimes,Sometimes ,Dan Fogelberg - Sometimes A Song,https://www.youtube.com/watch?v=LpkNKcPLjD8
_lucky_bs,Lucky Bs ,Britney Spears - Lucky,https://www.youtube.com/watch?v=4vvBAONkYwI
_call_me_maybe,Call Me Maybe ,Carly Rae Jepsen - Call Me Maybe Official Music Video,https://www.youtube.com/watch?v=RmYmKyAG-DQ
_locked_out_of_heaven,Locked Out Of Heaven ,Bruno Mars - Locked Out of Heaven (lyrics),https://www.youtube.com/watch?v=rncev51qUEY
_fly_away,Fly Away ,TheFatRat - Fly Away feat. Anjulie,https://www.youtube.com/watch?v=cMg8KaMdDYo
_bingo,Bingo ,Bingo Dog Song,https://www.youtube.com/watch?v=0IvC6fZYGMM
_bad_romance,Bad Romance ,Lady Gaga - Bad Romance (Lyrics),https://www.youtube.com/watch?v=-6IZzqMGj84
_o_holy_night,O Holy Night ,O Holy Night - Josh Groban,https://www.youtube.com/watch?v=4Zh-yR0pbmU
_billionaire,Billionaire ,Billionaire (Song),https://www.youtube.com/watch?v=OOCMODIIKNw
_one_thing,One Thing ,finger eleven - One Thing (Official Video),https://www.youtube.com/watch?v=2FQO1fj1MJU
_castle_on_a_cloud,Castle On A Cloud ,Lyrics to Castle on a Cloud,https://www.youtube.com/watch?v=r-wG5aHiRx0
_baby_one_more_time,Baby One More Time ,Britney Spears - ...Baby One More Time (Official Music Video ...,https://www.youtube.com/watch?v=LaKOa57wo1w
_oops_i_did_it_again,Oops I Did It Again ,Oops! . . I Did It Again with lyrics,https://www.youtube.com/watch?v=Mb0e0naXKvA
_wont_go_home_without_you,Wont Go Home Without You ,Maroon 5 - Won't Go Home Without You,https://www.youtube.com/watch?v=saiIxyZ_2M0
_true_colors,True Colors ,"Justin Timberlake, Anna Kendrick - True Colors (Lyric)",https://www.youtube.com/watch?v=la0-5QFLr14
_every_rose_has_its_thorn,Every Rose Has Its Thorn ,Poison-Every Rose Has Its Thorn,https://www.youtube.com/watch?v=ZcqWyyHlCDA
_circle_of_life,Circle Of Life ,"Carmen Twillie, Lebo M. - Circle Of Life (Official ...",https://www.youtube.com/watch?v=GibiNy4d4gc
_rocket_man,Rocket Man ,Taron Egerton - Rocket Man (Official Video),https://www.youtube.com/watch?v=AjWokqBxODs
_animal,Animal ,The Animal Sounds Song,https://www.youtube.com/watch?v=t99ULJjCsaM
_colors_of_the_wind,Colors Of The Wind ,Tori Kelly - Colors Of The Wind (Official Video),https://www.youtube.com/watch?v=XpIMGamlvwg
_say_somethin,Say Somethin ,Justin Timberlake - Say Something ft. Chris ...,https://www.youtube.com/watch?v=8MPbR6Cbwi4
_disturbia,Disturbia ,Rihanna - Disturbia,https://www.youtube.com/watch?v=E1mU6h4Xdxc
_let_me_love_you,Let Me Love You ,Mario - Let Me Love You (Official Music Video),https://www.youtube.com/watch?v=H64QG4UsrGI
_summer,Summer ,A Summer Song Chad and Jeremy,https://www.youtube.com/watch?v=_D2XD341xHo
_sway,Sway ,Dean Martin - Sway,https://www.youtube.com/watch?v=SNQ5wV-jJfE
_bye_bye_bye,Bye Bye Bye ,Nsync - Bye Bye Bye,https://www.youtube.com/watch?v=rIBK-TDzxIQ
_my_favorite_things,My Favorite Things ,My Favorite Things - Julie Andrews,https://www.youtube.com/watch?v=33o32C0ogVM
_breakaway,Breakaway ,In Hearts Wake - Breakaway [Official Music Video],https://www.youtube.com/watch?v=x4Lo10wDZEU
_just_when_i_needed_you,Just When I Needed You ,George Jones - Just When I Needed You,https://www.youtube.com/watch?v=nVDSbXUUt9o
_faith,Faith ,Amy Wadge - Faith's Song [OFFICIAL VIDEO],https://www.youtube.com/watch?v=7gzZEtiusO4
_baby_i_love_your_way,Baby I Love Your Way ,Will to Power - Baby I Love Your Way (Official Video),https://www.youtube.com/watch?v=79r_XaUU7yE
_blue_christmas,Blue Christmas ,Elvis Presley - Blue Christmas (Audio),https://www.youtube.com/watch?v=QipqXel5G4g
_twist_and_shout,Twist And Shout ,The Beatles - Twist & Shout - 1964,https://www.youtube.com/watch?v=YgVWot_xrxE
_american_pie,American Pie ,Don McLean- American Pie (with Lyrics),https://www.youtube.com/watch?v=uAsV5-Hv-7U
_twinkle_twinkle,Twinkle Twinkle ,Twinkle Little Songs - Nursery Rhymes,https://www.youtube.com/channel/UCIqMBrPv0zRqJaUTHHyvZ6g
_georgia_on_my_mind,Georgia On My Mind ,Georgia On My Mind (Willie Nelson) w/ lyrics,https://www.youtube.com/watch?v=FNlw0IDFKDA
_sittin_on_dock_of_th_bay,Sittin On Dock Of Th Bay ,Otis Redding - Sitting On The Dock Of The Bay,https://www.youtube.com/watch?v=wyPKRcBTsFQ
_its_time_imagine_dragons,Its Time Imagine Dragons ,Its Time by Imagine Dragons,https://www.youtube.com/watch?v=V9JZFR4APPo
_cant_fight_this_feeling,Cant Fight This Feeling ,REO Speedwagon - Can't Fight This Feeling,https://www.youtube.com/watch?v=zpOULjyy-n8
_just_the_way_you_are,Just The Way You Are ,Billy Joel - Just the Way You Are (Official Audio),https://www.youtube.com/watch?v=HaA3YZ6QdJU
_what_makes_you_beautiful,What Makes You Beautiful ,One Direction - What Makes You Beautiful Lyrics,https://www.youtube.com/watch?v=CjPc8RVJ0Dc
_glad_you_came,Glad You Came ,The Wanted - Glad You Came,https://www.youtube.com/watch?v=2ggzxInyzVE
_piano_man,Piano Man ,Erik C 'Piano Man',https://www.youtube.com/channel/UChiKrz8bXsB3inE1YrXs8zg
_losing_my_religion,Losing My Religion ,R.E.M. - Losing my religion (lyrics),https://www.youtube.com/watch?v=u036M7p6-ak
_paparazzi,Paparazzi ,Greyson Chance Singing Paparazzi,https://www.youtube.com/watch?v=bxDlC7YV5is
_poker_face,Poker Face ,Poker Face,https://www.youtube.com/watch?v=FbpB01KudSw
_you_drive_me_crazy,You Drive Me Crazy ,Fine Young Cannibals - She Drives Me Crazy ...,https://www.youtube.com/watch?v=UtvmTu4zAMg
_didnt_we_almost_have_it,Didnt We Almost Have It ,Whitney Houston - Didn't We Almost Have It All (Official ...,https://www.youtube.com/watch?v=i_4PlM85NJo
_borderline,Borderline ,Tove Styrke - Borderline,https://www.youtube.com/watch?v=7zhwihAXMlI
_the_alphabet_song,The Alphabet Song ,The Alphabet Song + More | Kids Songs | Super Simple Songs ...,https://www.youtube.com/watch?v=l-sEZaHet8c
_sweater_weather,Sweater Weather ,The Neighbourhood - Sweater Weather - Lyrics,https://www.youtube.com/watch?v=RA26uXxh5O0
_gangstas_paradise,Gangstas Paradise ,Coolio - Gangsta's Paradise feat. L.V.,https://www.youtube.com/watch?v=N6voHeEa3ig
_i_will_survive,I Will Survive ,I Will Survive - Gloria Gaynor (1978),https://www.youtube.com/watch?v=gYkACVDFmeg
_eye_of_the_tiger,Eye Of The Tiger ,Eye Of The Tiger (Song With Lyrics),https://www.youtube.com/watch?v=O9NTecDfcc0
_love_somebody_,Love Somebody  ,Rick Springfield - Love Somebody (Official Video),https://www.youtube.com/watch?v=JIVYW977GVM
_summertime_gershwin,Summertime Gershwin ,Summertime by George Gershwin,https://www.youtube.com/watch?v=8JpPkp1f0So
_l_o_v_e,L O V E ,NAT KING COLE L-O-V-E,https://www.youtube.com/watch?v=JErVP6xLZwg
_star_spangled_whitney,Star Spangled Whitney ,Whitney Houston - Star Spangled Banner,https://www.youtube.com/watch?v=N_lCmBvYMRs
_youve_got_a_friend_in_me,Youve Got A Friend In Me ,You've got a friend in me - Randy Newman - Lyrics,https://www.youtube.com/watch?v=Zy4uiiy0qgA
_you_oughta_know,You Oughta Know ,You Oughta Know - Alanis Morissette - Lyrics,https://www.youtube.com/watch?v=4UEWbTxmG9o
_beauty_and_the_beast,Beauty And The Beast ,"Beauty and the Beast (From ""Beauty and the Beast ...",https://www.youtube.com/watch?v=axySrE0Kg6k
_newyork_newyork,Newyork Newyork ,"NEW YORK,NEW YORK- FRANK SINATRA",https://www.youtube.com/watch?v=btFfXgUdIzY
_just_a_kiss,Just A Kiss ,Lady Antebellum-Just A Kiss LYRICS,https://www.youtube.com/watch?v=Xs9X8NhQJF4
_god_bless_the_usa,God Bless The Usa ,Lee Greenwood- God Bless the U.S.A. lyrics,https://www.youtube.com/watch?v=yH61hFsma24
_hashtag_that_power,Hashtag That Power ,Haschak Sisters - Girl Power (Behind the Scenes),https://www.youtube.com/watch?v=9xM_suigh9o
_broken_wings,Broken Wings ,Mr. Mister - Broken Wings - video,https://www.youtube.com/watch?v=-1M80Z7zTjo
_saving_all_my_love_for,Saving All My Love For ,Saving All My Love for You,https://www.youtube.com/watch?v=pXdqH32Xe-U
_body_party,Body Party ,Ciara - Body Party,https://www.youtube.com/watch?v=B9rSBcoX9ak
_head_over_feet,Head Over Feet ,Alanis Morissette - Head Over Feet,https://www.youtube.com/watch?v=iBgP44KEf3Q
_strongr_what_doesnt_kill,Stronger What Doesnt Kill ,Kelly Clarkson - Stronger (What Doesn't Kill You ...,https://www.youtube.com/watch?v=avYxiIRG4xQ
_shes_always_a_woman,Shes Always A Woman ,Billy Joel - She's Always a Woman (Official Audio),https://www.youtube.com/watch?v=Cx3QmqV2pHg
_dont_let_the_sun_go_down,Dont Let The Sun Go Down ,"George Michael, Elton John - Don't Let The Sun Go Down On Me ...",https://www.youtube.com/watch?v=RsKqMNDoR4o
_everybody_hurts,Everybody Hurts ,R.E.M. - Everybody Hurts (Official Lyric Video),https://www.youtube.com/watch?v=FfggUztyO00
_simple_man,Simple Man ,Lynyrd Skynyrd - Simple Man,https://www.youtube.com/watch?v=sHQ_aTjXObs
_save_th_last_dance_fr_me,Save The Last Dance For Me ,Save the last dance for me - The Drifters,https://www.youtube.com/watch?v=n-XQ26KePUQ
_lovefool,Lovefool ,Lovefool,https://www.youtube.com/watch?v=3Z2pJg5WLyc
_frere_jacques,Frere Jacques ,Frere Jacques | Sing A Long | Fr√®re Jacques | Nursery Rhyme ...,https://www.youtube.com/watch?v=gBbjOyMsUD4
_send_in_the_clowns,Send In The Clowns ,Barbra Streisand - Send In The Clowns,https://www.youtube.com/watch?v=ODqj9Mq39FM
_seasons_of_love,Seasons Of Love ,Seasons of Love - Rent Original Motion Picture ...,https://www.youtube.com/watch?v=wsj15wPpjLY
_cruise_original,Cruise Original ,Sea Cruise-Frankie Ford-original song,https://www.youtube.com/watch?v=VUSd_RYnxAY
_worshipper,Worshipper ,100 Praise & Worship Songs,https://www.youtube.com/watch?v=F8umfBRlwW8
_yesterday_once_more,Yesterday Once More ,The Carpenters - Yesterday Once More (INCLUDES LYRICS),https://www.youtube.com/watch?v=YTaWayUE5XA
_merry_christmas_darling,Merry Christmas Darling ,Merry Christmas Darling,https://www.youtube.com/watch?v=PB5c-KmxqQw
_breakfast_at_tiffanys,Breakfast At Tiffanys ,Breakfast At Tiffany's- Deep Blue Something (with ...,https://www.youtube.com/watch?v=QSgJ5On8Zso
_drift_away,Drift Away ,Dobie gray- drift away,https://www.youtube.com/watch?v=gr_eVcCAUXo
_bed_intruder,Bed Intruder ,iTunes Version - Bed Intruder Song,https://www.youtube.com/watch?v=VKsVSBhSwJg
_umbrella,Umbrella ,Rihanna - Umbrella Lyrics,https://www.youtube.com/watch?v=gN3gNuRdVmg
_a_whole_new_world,A Whole New World ,Aladdin - A Whole New World,https://www.youtube.com/watch?v=sVxUUotm1P4
_making_memories_of_us,Making Memories Of Us ,Keith Urban - Making Memories of Us,https://www.youtube.com/watch?v=DQwv13s2A20
_luka,Luka ,Lyrics - Luka (Suzanne Vega),https://www.youtube.com/watch?v=0m9EWNDq9hw
_weve_only_just_begun,Weve Only Just Begun ,"The Carpenters ""We've Only Just Begun""",https://www.youtube.com/watch?v=8JgEptmz_eE
_in_my_head,In My Head ,Ariana Grande - in my head (Audio),https://www.youtube.com/watch?v=6GcpNvYFMGE